{
  "cnn_lstm": {
    "accuracy": 0.6594215755855216,
    "precision_per_class": [
      0.7530018603077964,
      0.9893775933609958,
      0.0,
      0.0,
      0.0
    ],
    "recall_per_class": [
      0.9170013386880856,
      0.46450557157328765,
      0.0,
      0.0,
      0.0
    ],
    "f1_per_class": [
      0.8269489715373544,
      0.6321985364301623,
      0.0,
      0.0,
      0.0
    ],
    "macro_precision": 0.34847589073375845,
    "macro_recall": 0.27630138205227467,
    "macro_f1": 0.29182950159350335,
    "fpr": 0.08299866131191433,
    "confusion_matrix": {
      "data": [
        8905,
        64,
        724,
        6,
        12,
        2921,
        5961,
        2931,
        621,
        399,
        0,
        0,
        0,
        0,
        0,
        0,
        0,
        0,
        0,
        0,
        0,
        0,
        0,
        0,
        0
      ],
      "dim": [
        5,
        5
      ],
      "v": 1
    }
  },
  "training_metrics": {
    "best_epoch": 12,
    "best_val_loss": 0.0524652861058712,
    "final_val_accuracy": 0.9051378169790518,
    "train_losses": [
      0.8917759456749529,
      0.622596016343759,
      0.36217815220245403,
      0.2611377961062766,
      0.26035025038502435,
      0.1957169420920409,
      0.23786948687623294,
      0.12478210553803337,
      0.1068193213685877,
      0.073420063438713,
      0.06927302321470956,
      0.04870089755872185,
      0.039651941278247865,
      0.03796555455566724,
      0.300219343161359,
      0.5854308857877976,
      0.43466080180568023
    ],
    "val_losses": [
      0.8674067854881287,
      0.4372114837169647,
      0.32927826046943665,
      0.3581928610801697,
      0.3973597288131714,
      0.30353453755378723,
      0.1650880128145218,
      0.20331066846847534,
      0.12655983865261078,
      0.06572673469781876,
      0.09569939225912094,
      0.0524652861058712,
      0.07254480570554733,
      0.06128954142332077,
      0.9239515662193298,
      0.37753668427467346,
      0.3491857945919037
    ],
    "val_accuracies": [
      0.4489084895259096,
      0.8701212789415655,
      0.8990077177508269,
      0.8414994487320838,
      0.8360308710033076,
      0.9131201764057332,
      0.9480044101433297,
      0.9214994487320838,
      0.958103638368247,
      0.982800441014333,
      0.9772436604189636,
      0.9871223814773981,
      0.9824917309812569,
      0.9853583241455347,
      0.7004189636163175,
      0.8491289966923925,
      0.9051378169790518
    ]
  },
  "model_config": {
    "n_features": 122,
    "n_classes": 5,
    "lstm_hidden": 128,
    "lstm_layers": 2,
    "dropout": 0.3,
    "batch_size": 512,
    "learning_rate": 0.001
  },
  "dataset": "nsl-kdd",
  "n_train_samples": 275790
}