{
  "cnn_lstm": {
    "accuracy": 0.929537984496124,
    "precision_per_class": [
      1.0,
      0.5642118076688983,
      0.6997391556371365,
      0.8045224006762468,
      0.1944684528954192
    ],
    "recall_per_class": [
      0.9734837318272797,
      0.5881979695431472,
      0.8515165765342112,
      0.6709552344025379,
      0.5382775119617225
    ],
    "f1_per_class": [
      0.9865637259912102,
      0.5759552656104381,
      0.7682027894150714,
      0.7316932538919854,
      0.2857142857142857
    ],
    "macro_precision": 0.6525883633755402,
    "macro_recall": 0.7244862048537797,
    "macro_f1": 0.6696258641245981,
    "fpr": 0.02651626817272036,
    "confusion_matrix": {
      "data": [
        62742,
        75,
        1419,
        120,
        95,
        0,
        927,
        282,
        288,
        79,
        0,
        180,
        7243,
        491,
        592,
        0,
        454,
        1247,
        3807,
        166,
        0,
        7,
        160,
        26,
        225
      ],
      "dim": [
        5,
        5
      ],
      "v": 1
    }
  },
  "training_metrics": {
    "best_epoch": 6,
    "best_val_loss": 0.23886853456497192,
    "final_val_accuracy": 0.9291906976744186,
    "train_losses": [
      0.8035049227391978,
      0.6840533551416899,
      0.6347965704135047,
      0.6111439047468676,
      0.5935217036441218,
      0.5750478358839736,
      0.5631474942661995,
      0.5511765665105293,
      0.5402823578260811,
      0.5082262613514598,
      0.4967020175885979
    ],
    "val_losses": [
      0.2902616560459137,
      0.29449135065078735,
      0.25978022813796997,
      0.2462925910949707,
      0.24450738728046417,
      0.23886853456497192,
      0.3029078245162964,
      0.24174714088439941,
      0.30788734555244446,
      0.248880535364151,
      0.2410307228565216
    ],
    "val_accuracies": [
      0.9138790697674418,
      0.908613953488372,
      0.9202790697674419,
      0.9251348837209302,
      0.9254697674418605,
      0.9291906976744186,
      0.9178790697674418,
      0.9275906976744186,
      0.9172279069767442,
      0.928,
      0.9291906976744186
    ]
  },
  "model_config": {
    "n_features": 76,
    "n_classes": 5,
    "lstm_hidden": 128,
    "lstm_layers": 2,
    "dropout": 0.3,
    "batch_size": 512,
    "learning_rate": 0.001
  },
  "dataset": "unsw-nb15",
  "n_train_samples": 1254595
}