{"min": [1.0, 1.0, 0.0, 0.0, 0.0, 0.0, 0.0, 0.0, 0.0, 0.0, 0.0, 0.0, 0.0, 0.0, 0.0345982391918128, 1.0, 0.0, 1.0, 0.0, 0.0, 0.0, 0.0, 0.0, 0.0, 0.0, 0.0, 0.0, 0.0, 0.0, 0.0, 0.0, 0.0, 0.0, 8.0, 0.0, 0.0345982391918128, 0.0, 0.0, 0.0, 0.0, 0.0, 0.0, 0.0, 0.0, 0.0, 0.0, 0.0, 0.0, 0.0, 0.0, 0.0, 0.0, 0.0, 0.0, 0.0, 0.0, 0.0, 0.0, 0.0, 0.0, 0.0, 0.0, 0.0, 0.0, 0.0, 0.0, 0.0, 8.0, 0.0, 0.0, 0.0, 0.0, 0.0, 0.0, 0.0, 0.0], "max": [119997527.0, 19616.0, 11021.0, 25427838.0, 14215776.0, 1476.0, 1472.0, 1474.0, 848.5281374238571, 1460.0, 1300.0, 1422.3288409703505, 836.0031897865781, 1354000000.0, 2000000.0, 38537606.66666667, 66749080.62441616, 119192568.0, 12999833.0, 119997416.0, 38537606.66666667, 66749080.62441616, 119231572.0, 12999833.0, 119946279.0, 32571736.666666664, 59565047.51405146, 119293344.0, 1002456.0, 1.0, 0.0, 0.0, 0.0, 392352.0, 220436.0, 2000000.0, 28571.42857142857, 1472.0, 1476.0, 1474.6666666666667, 793.1022632674805, 629011.2, 3.0, 12.0, 1.0, 696.0, 22550.0, 0.0, 0.0, 0.0, 400.0, 2212.0, 1474.0, 1422.3288409703505, 0.0, 0.0, 0.0, 25428330.0, 19622.0, 847666666.0, 11131.0, 14215754.0, 11021.0, 14215776.0, 65418.0, 65518.0, 19612.0, 40.0, 99653834.0, 69528281.73631907, 100327444.0, 99653834.0, 119192568.0, 65730802.951722905, 119192568.0, 119192568.0], "fitted": true}