{
  "cnn_lstm": {
    "accuracy": 0.9983062955563319,
    "precision_per_class": [
      0.9992762995435308,
      0.9948015536929412,
      0.9938396213281359,
      0.9897311990335246,
      0.0
    ],
    "recall_per_class": [
      0.998651240638706,
      0.9979053450321522,
      0.9994749737486874,
      0.9570677570093458,
      0.0
    ],
    "f1_per_class": [
      0.9989636723151413,
      0.9963510321679548,
      0.9966493316114621,
      0.9731254639940607,
      0.0
    ],
    "macro_precision": 0.7955297347196265,
    "macro_recall": 0.7906198632857783,
    "macro_f1": 0.7930179000177239,
    "fpr": 0.0013487593612940272,
    "confusion_matrix": {
      "data": [
        408713,
        346,
        176,
        30,
        0,
        139,
        68126,
        1,
        3,
        0,
        4,
        10,
        28555,
        1,
        0,
        147,
        0,
        0,
        3277,
        0,
        6,
        0,
        0,
        0,
        0
      ],
      "dim": [
        5,
        5
      ],
      "v": 1
    }
  },
  "training_metrics": {
    "best_epoch": 24,
    "best_val_loss": 0.006023918744176626,
    "final_val_accuracy": 0.9984338615616049,
    "train_losses": [
      0.1363601989912274,
      0.04810715087977445,
      0.041875381567266425,
      0.03633088940738654,
      0.034414776766723734,
      0.03221069520317837,
      0.021666296752885724,
      0.02080678303516825,
      0.026185839947118674,
      0.02498128772245297,
      0.027193872141441294,
      0.027365215804921794,
      0.029290107559007083,
      0.03171342197191899,
      0.03295128348979255,
      0.02484259092845879,
      0.017428914911433484,
      0.01221547226762992,
      0.010025372323439643,
      0.009863972469302507,
      0.008283642628205795,
      0.01935017991758739,
      0.02288282418097758,
      0.006958435753922348,
      0.006602849703542646,
      0.006537922600241469,
      0.006286861286572587,
      0.005522864466528915,
      0.005740155698321787
    ],
    "val_losses": [
      0.09090544283390045,
      0.18248824775218964,
      0.045662637799978256,
      0.6803772449493408,
      0.04020470008254051,
      0.07335109263658524,
      0.4868902564048767,
      0.033412184566259384,
      0.03343477472662926,
      0.02572055347263813,
      0.03607456758618355,
      0.033693328499794006,
      0.012186763808131218,
      0.0335981585085392,
      0.032986968755722046,
      0.03300725296139717,
      0.00862957164645195,
      0.04891233518719673,
      0.00859927199780941,
      0.009012127295136452,
      0.011607271619141102,
      0.03909242898225784,
      0.0064011747017502785,
      0.006023918744176626,
      0.012154064141213894,
      0.006516082212328911,
      0.006266298703849316,
      0.006258110515773296,
      0.006042850203812122
    ],
    "val_accuracies": [
      0.9656067756094545,
      0.9415465322692227,
      0.9802024793266783,
      0.8823335462732087,
      0.9813240935090627,
      0.9548940354265225,
      0.9397331088142389,
      0.9850333687578933,
      0.9845594058094316,
      0.9948217339978628,
      0.9841884782845485,
      0.9852953731207075,
      0.995908021749306,
      0.9850422003656285,
      0.9848891191648832,
      0.9851187409660013,
      0.9971679977862103,
      0.9854337349752273,
      0.997244538386583,
      0.9973593492871421,
      0.9961965209353262,
      0.9834289600193118,
      0.9983367138765165,
      0.9983955912614185,
      0.9973151912484655,
      0.9980158321288002,
      0.9982366223221829,
      0.9983484893534968,
      0.9984338615616049
    ]
  },
  "model_config": {
    "n_features": 78,
    "n_classes": 5,
    "lstm_hidden": 128,
    "lstm_layers": 2,
    "dropout": 0.3,
    "batch_size": 512,
    "learning_rate": 0.001
  },
  "dataset": "cicids2017",
  "n_train_samples": 1981520
}