{"min": [0.0, -13.0, 1.0, 0.0, 0.0, 0.0, 0.0, 0.0, 0.0, 0.0, 0.0, 0.0, 0.0, 0.0, -261000000.0, -2000000.0, -13.0, 0.0, -13.0, -14.0, 0.0, 0.0, 0.0, 0.0, -12.0, 0.0, 0.0, 0.0, 0.0, 0.0, 0.0, 0.0, 0.0, 0.0, -32212234632.0, -1073741320.0, 0.0, 0.0, 0.0, 0.0, 0.0, 0.0, 0.0, 0.0, 0.0, 0.0, 0.0, 0.0, 0.0, 0.0, 0.0, 0.0, 0.0, 0.0, 0.0, -32212234632.0, 0.0, 0.0, 0.0, 0.0, 0.0, 0.0, 1.0, 0.0, 0.0, 0.0, -1.0, -1.0, 0.0, -536870661.0, 0.0, 0.0, 0.0, 0.0, 0.0, 0.0, 0.0, 0.0], "max": [65534.0, 119999998.0, 219759.0, 291922.0, 2428415.0, 655453030.0, 24820.0, 2325.0, 5940.857143, 7125.5968458437, 19530.0, 2146.0, 5800.5, 8194.660487, 2071000000.0, 4000000.0, 120000000.0, 84800261.5664079, 120000000.0, 120000000.0, 120000000.0, 120000000.0, 84602929.2769822, 120000000.0, 120000000.0, 120000000.0, 120000000.0, 84418013.7826341, 120000000.0, 120000000.0, 1.0, 0.0, 1.0, 0.0, 4617240.0, 5838440.0, 3000000.0, 2000000.0, 1448.0, 24820.0, 3337.142857, 4731.522394, 22400000.0, 1.0, 1.0, 1.0, 1.0, 1.0, 1.0, 1.0, 1.0, 156.0, 3893.333333, 5940.857143, 5800.5, 4617240.0, 0.0, 0.0, 0.0, 0.0, 0.0, 0.0, 219759.0, 2428415.0, 291922.0, 655453030.0, 65535.0, 65535.0, 213557.0, 138.0, 110000000.0, 74200000.0, 110000000.0, 110000000.0, 120000000.0, 76900000.0, 120000000.0, 120000000.0], "fitted": true}