{
  "cnn_lstm": {
    "accuracy": 0.9766673249518935,
    "precision_per_class": [
      0.9884005988910644,
      0.9867636977271529,
      0.8554602845566758,
      0.8159901599015991,
      0.4594594594594595
    ],
    "recall_per_class": [
      0.994119168037068,
      0.8998749639319035,
      0.9867941959676104,
      0.7514725872224739,
      0.0367965367965368
    ],
    "f1_per_class": [
      0.9912516358708711,
      0.9413185099479336,
      0.9164458576223282,
      0.7824035853284586,
      0.06813627254509019
    ],
    "macro_precision": 0.8212148401071904,
    "macro_recall": 0.7338114903911185,
    "macro_f1": 0.7399111722629363,
    "fpr": 0.005880831962931935,
    "confusion_matrix": {
      "data": [
        480592,
        832,
        1845,
        165,
        1,
        5009,
        74848,
        2374,
        943,
        2,
        70,
        62,
        36316,
        353,
        1,
        554,
        98,
        1526,
        6634,
        16,
        7,
        12,
        391,
        35,
        17
      ],
      "dim": [
        5,
        5
      ],
      "v": 1
    }
  },
  "training_metrics": {
    "best_epoch": 11,
    "best_val_loss": 0.03193109109997749,
    "final_val_accuracy": 0.9810268339926078,
    "train_losses": [
      0.26470265930146775,
      0.08296459279437585,
      0.059382446562292864,
      0.04568747286212689,
      0.04881738871574529,
      0.039202809163638594,
      0.03790604257349843,
      0.038475249954096756,
      0.03314032431417557,
      0.03201188055814314,
      0.031572532331871156,
      0.030621959452528266,
      0.031308131030260755,
      0.02950152461889141,
      0.028024789410829146,
      0.02759219131009055
    ],
    "val_losses": [
      0.19643719494342804,
      0.6082670092582703,
      0.0656469389796257,
      0.2999189496040344,
      0.05607409402728081,
      1.3513926267623901,
      0.7959694266319275,
      0.9680023789405823,
      0.0329914428293705,
      0.08170051127672195,
      0.03193109109997749,
      0.6382431983947754,
      0.9926681518554688,
      1.6601585149765015,
      0.1914309412240982,
      0.056915197521448135
    ],
    "val_accuracies": [
      0.9321916590165195,
      0.8782665327290118,
      0.9762781353186867,
      0.9231965278745728,
      0.9769101736543351,
      0.8445618268070769,
      0.8666903781175351,
      0.870987277524909,
      0.9883613625112349,
      0.9737812234147373,
      0.9886737768976771,
      0.893519564350154,
      0.8845508682716755,
      0.8461815752414001,
      0.9523736283806842,
      0.9810268339926078
    ]
  },
  "model_config": {
    "n_features": 276,
    "n_classes": 5,
    "lstm_hidden": 128,
    "lstm_layers": 2,
    "dropout": 0.3,
    "batch_size": 512,
    "learning_rate": 0.001
  },
  "dataset": "combined",
  "n_train_samples": 2398358
}