{"min": [0.0, 0.0, 0.0, 0.0, 0.0, 0.0, 0.0, 0.0, 0.0, 0.0, 0.0, 0.0, 0.0, 0.0, 0.0, 0.0, 0.0, 0.0, 0.0, 0.0, 0.0, 0.0, 0.0, 0.0, 0.0, 0.0, 0.0, 0.0, 0.0, 0.0, 0.0, 0.0, 0.0, 0.0, 0.0, 0.0, 0.0, 0.0, 0.0, 0.0, 0.0, 0.0, 0.0, 0.0, 0.0, 0.0, 0.0, 0.0, 0.0, 0.0, 0.0, 0.0, 0.0, 0.0, 0.0, 0.0, 0.0, 0.0, 0.0, 0.0, 0.0, 0.0, 0.0, 0.0, 0.0, 0.0, 0.0, 0.0, 0.0, 0.0, 0.0, 0.0, 0.0, 0.0, 0.0, 0.0, 0.0, 0.0, 0.0, 0.0, 0.0, 0.0, 0.0, 0.0, 0.0, 0.0, 0.0, 0.0, 0.0, 0.0, 0.0, 0.0, 0.0, 0.0, 0.0, 0.0, 0.0, 0.0, 0.0, 0.0, 0.0, 0.0, 0.0, 0.0, 0.0, 0.0, 0.0, 0.0, 0.0, 0.0, 0.0, 0.0, 0.0, 0.0, 0.0, 0.0, 0.0, 0.0, 0.0, 0.0, 0.0, 0.0, 0.0, -13.0, 0.0, 0.0, 0.0, 0.0, 0.0, 0.0, 0.0, 0.0, 0.0, 0.0, 0.0, 0.0, -261000000.0, -2000000.0, -13.0, 0.0, -13.0, -14.0, 0.0, 0.0, 0.0, 0.0, -12.0, 0.0, 0.0, 0.0, 0.0, 0.0, 0.0, 0.0, 0.0, 0.0, -32212234632.0, -1073741320.0, 0.0, 0.0, 0.0, 0.0, 0.0, 0.0, 0.0, 0.0, 0.0, 0.0, 0.0, 0.0, 0.0, 0.0, 0.0, 0.0, 0.0, 0.0, 0.0, -32212234632.0, 0.0, 0.0, 0.0, 0.0, 0.0, 0.0, 0.0, 0.0, 0.0, 0.0, -1.0, -1.0, 0.0, -536870660.0, 0.0, 0.0, 0.0, 0.0, 0.0, 0.0, 0.0, 0.0, 0.0, 0.0, 0.0, 0.0, 0.0, 0.0, 0.0, 0.0, 0.0, 0.0, 0.0, 0.0, 0.0, 0.0, 0.0, 0.0, 0.0, 0.0, 0.0, 0.0, 0.0, 0.0, 0.0, 0.0, 0.0, 0.0, 0.0, 0.0, 0.0, 0.0, 0.0, 0.0, 0.0, 0.0, 0.0, 0.0, 0.0, 0.0, 0.0, 0.0, 0.0, 0.0, 0.0, 0.0, 0.0, 0.0, 0.0, 0.0, 0.0, 0.0, 0.0, 0.0, 0.0, 0.0, 0.0, 0.0, 0.0, 0.0, 0.0, 0.0, 0.0, 0.0, 0.0, 0.0, 0.0, 0.0, 0.0, 0.0, 0.0, 0.0, 0.0, 0.0, 0.0, 0.0, 0.0, 0.0], "max": [42908.0, 1379963888.0, 1309937401.0, 1.0, 3.0, 3.0, 77.0, 5.0, 1.0, 7479.0, 1.0, 2.0, 7468.0, 43.0, 2.0, 9.0, 0.0, 1.0, 1.0, 511.0, 511.0, 1.0, 1.0, 1.0, 1.0, 1.0, 1.0, 1.0, 255.0, 255.0, 1.0, 1.0, 1.0, 1.0, 1.0, 1.0, 1.0, 1.0, 1.0, 1.0, 1.0, 1.0, 1.0, 1.0, 1.0, 1.0, 1.0, 1.0, 1.0, 1.0, 1.0, 1.0, 1.0, 1.0, 1.0, 1.0, 1.0, 1.0, 1.0, 1.0, 1.0, 1.0, 1.0, 1.0, 1.0, 1.0, 1.0, 1.0, 1.0, 1.0, 1.0, 1.0, 1.0, 1.0, 1.0, 1.0, 1.0, 1.0, 1.0, 1.0, 1.0, 1.0, 1.0, 1.0, 1.0, 1.0, 1.0, 1.0, 1.0, 1.0, 1.0, 1.0, 1.0, 1.0, 1.0, 1.0, 1.0, 1.0, 1.0, 1.0, 1.0, 1.0, 1.0, 1.0, 1.0, 1.0, 1.0, 1.0, 1.0, 1.0, 1.0, 1.0, 1.0, 1.0, 1.0, 1.0, 1.0, 1.0, 1.0, 1.0, 1.0, 1.0, 65535.0, 119999998.0, 219759.0, 291922.0, 12900000.0, 655453030.0, 24820.0, 2293.0, 5940.857143, 7125.5968458437, 19530.0, 2896.0, 4370.686524, 6715.738331, 2071000000.0, 4000000.0, 120000000.0, 84800261.5664079, 120000000.0, 120000000.0, 120000000.0, 120000000.0, 84602929.2769822, 120000000.0, 120000000.0, 120000000.0, 120000000.0, 84418013.7826341, 120000000.0, 120000000.0, 1.0, 0.0, 1.0, 0.0, 4644908.0, 5838440.0, 3000000.0, 2000000.0, 1448.0, 24820.0, 3337.142857, 4731.522394, 22400000.0, 1.0, 1.0, 1.0, 1.0, 1.0, 1.0, 1.0, 1.0, 156.0, 3893.333333, 5940.857143, 4370.686524, 4644908.0, 0.0, 0.0, 0.0, 0.0, 0.0, 0.0, 219759.0, 12870338.0, 291922.0, 655453030.0, 65535.0, 65535.0, 213557.0, 138.0, 110000000.0, 74200000.0, 110000000.0, 110000000.0, 120000000.0, 76900000.0, 120000000.0, 120000000.0, 119997527.0, 20038.0, 11015.0, 26052702.0, 14215986.0, 1476.0, 1472.0, 1474.0, 836.0031897865781, 1460.0, 1300.0, 1424.9373433583962, 795.8408760550063, 1469000000.0, 2000000.0, 42185751.0, 66749080.62441616, 119192568.0, 12999833.0, 119997416.0, 42185751.0, 66749080.62441616, 119231572.0, 12999833.0, 119967220.0, 32571736.666666664, 59565047.51405146, 119293344.0, 1002456.0, 1.0, 0.0, 0.0, 0.0, 400792.0, 220316.0, 2000000.0, 28571.42857142857, 1472.0, 1476.0, 1474.6666666666667, 793.1022632674805, 629011.2, 3.0, 12.0, 1.0, 696.0, 23030.0, 0.0, 0.0, 0.0, 400.0, 2212.0, 1474.0, 1424.937343358396, 0.0, 0.0, 0.0, 26053138.0, 20042.0, 847666666.0, 11131.0, 14215736.0, 11015.0, 14215986.0, 65418.0, 65518.0, 20032.0, 40.0, 110406312.0, 74177597.21096827, 110406312.0, 110406312.0, 119192568.0, 72143601.01935126, 119192568.0, 119192568.0], "fitted": true}